,,A-2: DECADAL VARIATION IN POPULATION SINCE 1901,,,,,,,,
State,District,State/District,Census Year,Persons,Variation since the preceding Census,,Males,Females,,
Code,Code,,,,Absolute,Percentage,,,,
,,,,,,,,,,
1,2,3,4,5,6,7,8,9,,
,,,,,,,,,,
09,000,UTTAR PRADESH,1901,"46,647,804",-,-,"24,066,836","22,580,968",,
,,,1911,"46,012,663","-635,141",-1.36,"24,021,001","21,991,662",,
,,,1921,"44,556,427","-1,456,236",-3.16,"23,347,896","21,208,531",,
,,,1931,"47,478,533","+2,922,106    ",+6.56    ,"24,945,773","22,532,760",,
,,,1941,"53,920,630","+6,442,097    ",+13.57    ,"28,269,504","25,651,126",,
,,,1951,"60,273,743","+6,353,113    ",+11.78    ,"31,581,889","28,691,854",,
,,,1961,"70,143,635","+9,869,892    ",+16.38    ,"36,784,048","33,359,587",,
,,,1971,"83,848,797","+13,705,162    ",+19.54    ,"44,701,182","39,147,615",,
,,,1981,"105,136,540","+21,287,743    ",+25.39    ,"55,861,688","49,274,852",,
,,,1991,"132,061,653","+26,925,113    ",+25.61    ,"70,396,062","61,665,591",,
,,,2001,"166,197,921","+34,136,268    ",+25.85    ,"87,565,369","78,632,552",,
,,,2011," 199,812,341 ","+33,614,420    ",+20.23    ," 104,480,510 "," 95,331,831 ",,
,,,,,,,,,,
09,132,Saharanpur,1901,"728,601",-,-,"390,987","337,614",,
,,,1911,"687,620","-40,981",-5.62,"377,231","310,389",,
,,,1921,"653,460","-34,160",-4.97,"359,615","293,845",,
,,,1931,"727,731","+74,271    ",+11.37    ,"400,011","327,720",,
,,,1941,"822,231","+94,500    ",+12.99    ,"456,772","365,459",,
,,,1951,"942,849","+120,618    ",+14.67    ,"515,791","427,058",,
,,,1961,"1,132,537","+189,688    ",+20.12    ,"616,133","516,404",,
,,,1971,"1,414,231","+281,694    ",+24.87    ,"773,080","641,151",,
,,,1981,"1,821,543","+407,312    ",+28.80    ,"990,517","831,026",,
,,,1991,"2,309,029","+487,486    ",+26.76    ,"1,247,254","1,061,775",,
,,,2001,"2,896,863","+587,834    ",+25.46    ,"1,553,322","1,343,541",,
,,,2011," 3,466,382 ","+569,519    ",+19.66    ," 1,834,106 "," 1,632,276 ",,
,,,,,,,,,,
09,133,Muzaffarnagar,1901,"867,177",-,-,"463,856","403,321",,
,,,1911,"799,331","-67,846",-7.82,"439,855","359,476",,
,,,1921,"786,187","-13,144",-1.64,"429,879","356,308",,
,,,1931,"885,877","+99,690    ",+12.68    ,"484,501","401,376",,
,,,1941,"1,046,382","+160,505    ",+18.12    ,"573,288","473,094",,
,,,1951,"1,209,771","+163,389    ",+15.61    ,"662,699","547,072",,
,,,1961,"1,429,961","+220,190    ",+18.20    ,"776,727","653,234",,
,,,1971,"1,781,579","+351,618    ",+24.59    ,"973,047","808,532",,
,,,1981,"2,248,483","+466,904    ",+26.21    ,"1,219,893","1,028,590",,
,,,1991,"2,842,543","+594,060    ",+26.42    ,"1,528,634","1,313,909",,
,,,2001,"3,543,362","+700,819    ",+24.65    ,"1,893,832","1,649,530",,
,,,2011," 4,143,512 ","+600,150    ",+16.94    ," 2,193,434 "," 1,950,078 ",,
,,,,,,,,,,
09,134,Bijnor,1901,"776,308",-,-,"404,813","371,495",,
,,,1911,"802,166","+25,858    ",+3.33    ,"425,030","377,136",,
,,,1921,"736,765","-65,401",-8.15,"387,853","348,912",,
,,,1931,"831,403","+94,638    ",+12.85    ,"441,508","389,895",,
,,,1941,"905,793","+74,390    ",+8.95    ,"479,328","426,465",,
,,,1951,"979,406","+73,613    ",+8.13    ,"519,293","460,113",,
,,,1961,"1,184,306","+204,900    ",+20.92    ,"630,841","553,465",,
,,,1971,"1,480,734","+296,428    ",+25.03    ,"799,142","681,592",,
,,,1981,"1,927,023","+446,289    ",+30.14    ,"1,034,188","892,835",,
,,,1991,"2,454,521","+527,498    ",+27.37    ,"1,311,710","1,142,811",,
,,,2001,"3,131,619","+677,098    ",+27.59    ,"1,651,908","1,479,711",,
,,,2011," 3,682,713 ","+551,094    ",+17.60    ," 1,921,215 "," 1,761,498 ",,
,,,,,,,,,,
09,135,Moradabad,1901,"854,603",-,-,"452,559","402,044",,
,,,1911,"905,439","+50,836    ",+5.95    ,"484,758","420,681",,
,,,1921,"859,151","-46,288",-5.11,"458,029","401,122",,
,,,1931,"920,336","+61,185    ",+7.12    ,"492,991","427,345",,
,,,1941,"1,055,828","+135,492    ",+14.72    ,"564,959","490,869",,
,,,1951,"1,190,434","+134,606    ",+12.75    ,"639,862","550,572",,
,,,1961,"1,423,487","+233,053    ",+19.58    ,"765,881","657,606",,
,,,1971,"1,747,420","+323,933    ",+22.76    ,"952,975","794,445",,
,,,1981,"2,257,867","+510,447    ",+29.21    ,"1,226,928","1,030,939",,
,,,1991,"2,965,293","+707,426    ",+31.33    ,"1,603,625","1,361,668",,
,,,2001,"3,810,983","+845,690    ",+28.52    ,"2,032,302","1,778,681",,
,,,2011," 4,772,006 ","+961,023    ",+25.22    ," 2,503,186 "," 2,268,820 ",,
,,,,,,,,,,
09,136,Rampur,1901,"546,151",-,-,"287,944","258,207",,
,,,1911,"544,695","-1,456",-0.27,"290,307","254,388",,
,,,1921,"466,059","-78,636",-14.44,"249,805","216,254",,
,,,1931,"478,343","+12,284    ",+2.64    ,"257,805","220,538",,
,,,1941,"491,794","+13,451    ",+2.81    ,"266,489","225,305",,
,,,1951,"560,017","+68,223    ",+13.87    ,"300,630","259,387",,
,,,1961,"701,537","+141,520    ",+25.27    ,"374,945","326,592",,
,,,1971,"901,209","+199,672    ",+28.46    ,"490,861","410,348",,
,,,1981,"1,178,621","+277,412    ",+30.78    ,"639,364","539,257",,
,,,1991,"1,502,141","+323,520    ",+27.45    ,"808,419","693,722",,
,,,2001,"1,923,739","+421,598    ",+28.07    ,"1,023,775","899,964",,
,,,2011," 2,335,819 ","+412,080    ",+21.42    ," 1,223,889 "," 1,111,930 ",,
,,,,,,,,,,
09,137,Jyotiba Phule Nagar ,1901,"328,739",-,-,"174,085","154,654",,
,,,1911,"348,293","+19,554    ",+5.95    ,"186,470","161,823",,
,,,1921,"330,488","-17,805",-5.11,"176,189","154,299",,
,,,1931,"354,024","+23,536    ",+7.12    ,"189,638","164,386",,
,,,1941,"406,143","+52,119    ",+14.72    ,"217,322","188,821",,
,,,1951,"457,922","+51,779    ",+12.75    ,"243,693","214,229",,
,,,1961,"550,228","+92,306    ",+20.16    ,"292,615","257,613",,
,,,1971,"681,551","+131,323    ",+23.87    ,"369,298","312,253",,
,,,1981,"891,539","+209,988    ",+30.81    ,"482,226","409,313",,
,,,1991,"1,155,742","+264,203    ",+29.63    ,"621,230","534,512",,
,,,2001,"1,499,068","+343,326    ",+29.71    ,"795,228","703,840",,
,,,2011," 1,840,221 ","+341,153    ",+22.76    ," 963,449 "," 876,772 ",,
,,,,,,,,,,
09,138,Meerut,1901,"675,150",-,-,"359,778","315,372",,
,,,1911,"666,027","-9,123",-1.35,"360,542","305,485",,
,,,1921,"663,961","-2,066",-0.31,"358,864","305,097",,
,,,1931,"709,677","+45,716    ",+6.89    ,"386,102","323,575",,
,,,1941,"840,218","+130,541    ",+18.39    ,"454,712","385,506",,
,,,1951,"1,010,618","+170,400    ",+20.28    ,"553,713","456,905",,
,,,1961,"1,201,058","+190,440    ",+18.84    ,"653,306","547,752",,
,,,1971,"1,492,928","+291,870    ",+24.30    ,"815,898","677,030",,
,,,1981,"1,897,593","+404,665    ",+27.11    ,"1,030,993","866,600",,
,,,1991,"2,397,099","+499,506    ",+26.32    ,"1,290,282","1,106,817",,
,,,2001,"2,973,877","+576,778    ",+24.06    ,"1,588,946","1,384,931",,
,,,2011," 3,443,689 ","+469,812    ",+15.80    ," 1,825,743 "," 1,617,946 ",,
,,,,,,,,,,
09,139,Baghpat,1901,"347,045",-,-,"184,880","162,165",,
,,,1911,"342,354","-4,691",-1.35,"185,272","157,082",,
,,,1921,"341,292","-1,062",-0.31,"184,410","156,882",,
,,,1931,"364,792","+23,500    ",+6.89    ,"198,407","166,385",,
,,,1941,"431,893","+67,101    ",+18.39    ,"233,664","198,229",,
,,,1951,"519,483","+87,590    ",+20.28    ,"282,975","236,508",,
,,,1961,"606,642","+87,159    ",+16.78    ,"328,456","278,186",,
,,,1971,"701,493","+94,851    ",+15.64    ,"382,075","319,418",,
,,,1981,"852,462","+150,969    ",+21.52    ,"465,381","387,081",,
,,,1991,"1,030,399","+177,937    ",+20.87    ,"560,484","469,915",,
,,,2001,"1,163,991","+133,592    ",+12.97    ,"630,077","533,914",,
,,,2011," 1,303,048 ","+139,057    ",+11.95    ," 700,070 "," 602,978 ",,
,,,,,,,,,,
09,140,Ghaziabad,1901,"495,100",-,-,"263,187","231,913",,
,,,1911,"488,479","-6,621",-1.34,"263,227","225,252",,
,,,1921,"483,558","-4,921",-1.01,"260,293","223,265",,
,,,1931,"516,681","+33,123    ",+6.85    ,"279,981","236,700",,
,,,1941,"609,878","+93,197    ",+18.04    ,"328,361","281,517",,
,,,1951,"728,149","+118,271    ",+19.39    ,"392,651","335,498",,
,,,1961,"883,370","+155,221    ",+21.32    ,"478,628","404,742",,
,,,1971,"1,149,313","+265,943    ",+30.11    ,"628,172","521,141",,
,,,1981,"1,594,768","+445,455    ",+38.76    ,"872,362","722,406",,
,,,1991,"2,256,089","+661,321    ",+41.47    ,"1,225,835","1,030,254",,
,,,2001,"3,314,070","+1,057,981    ",+46.89    ,"1,781,674","1,532,396",,
,,,2011," 4,681,645 ","+1,367,575    ",+41.27    ," 2,488,834 "," 2,192,811 ",,
,,,,,,,,,,
09,141,Gautam Buddha Nagar ,1901,"204,084",-,-,"107,894","96,190",,
,,,1911,"201,453","-2,631",-1.29,"107,167","94,286",,
,,,1921,"194,556","-6,897",-3.42,"103,521","91,035",,
,,,1931,"207,635","+13,079    ",+6.72    ,"111,256","96,379",,
,,,1941,"242,431","+34,796    ",+16.76    ,"128,493","113,938",,
,,,1951,"281,621","+39,190    ",+16.17    ,"150,190","131,431",,
,,,1961,"331,688","+50,067    ",+17.78    ,"177,231","154,457",,
,,,1971,"406,847","+75,159    ",+22.66    ,"220,659","186,188",,
,,,1981,"514,037","+107,190    ",+26.35    ,"278,326","235,711",,
,,,1991,"770,367","+256,330    ",+49.87    ,"424,979","345,388",,
,,,2001,"1,105,292","+334,925    ",+43.48    ,"600,954","504,338",,
,,,2011," 1,648,115 ","+542,823    ",+49.11    ," 890,214 "," 757,901 ",,
,,,,,,,,,,
09,142,Bulandshahr,1901,"939,586",-,-,"494,668","444,918",,
,,,1911,"927,761","-11,825",-1.26,"489,087","438,674",,
,,,1921,"881,448","-46,313",-4.99,"465,022","416,426",,
,,,1931,"939,944","+58,496    ",+6.64    ,"499,459","440,485",,
,,,1941,"1,089,311","+149,367    ",+15.89    ,"570,684","518,627",,
,,,1951,"1,241,139","+151,828    ",+13.94    ,"659,234","581,905",,
,,,1961,"1,427,433","+186,294    ",+15.01    ,"758,443","668,990",,
,,,1971,"1,690,092","+262,659    ",+18.40    ,"910,403","779,689",,
,,,1981,"2,110,285","+420,193    ",+24.86    ,"1,131,796","978,489",,
,,,1991,"2,547,750","+437,465    ",+20.73    ,"1,371,922","1,175,828",,
,,,2001,"3,009,860","+462,110    ",+18.14    ,"1,602,191","1,407,669",,
,,,2011," 3,499,171 ","+489,311    ",+16.26    ," 1,845,260 "," 1,653,911 ",,
,,,,,,,,,,
09,143,Aligarh,1901,"869,799",-,-,"459,861","409,938",,
,,,1911,"844,344","-25,455",-2.93,"455,987","388,357",,
,,,1921,"769,060","-75,284",-8.92,"416,768","352,292",,
,,,1931,"848,737","+79,677    ",+10.36    ,"460,704","388,033",,
,,,1941,"994,253","+145,516    ",+17.15    ,"539,534","454,719",,
,,,1951,"1,118,017","+123,764    ",+12.45    ,"601,197","516,820",,
,,,1961,"1,278,945","+160,928    ",+14.39    ,"686,794","592,151",,
,,,1971,"1,541,536","+262,591    ",+20.53    ,"839,048","702,488",,
,,,1981,"1,884,955","+343,419    ",+22.28    ,"1,022,034","862,921",,
,,,1991,"2,449,597","+564,642    ",+29.96    ,"1,327,738","1,121,859",,
,,,2001,"2,992,286","+542,689    ",+22.15    ,"1,607,402","1,384,884",,
,,,2011," 3,673,889 ","+681,603    ",+22.78    ," 1,951,996 "," 1,721,893 ",,
,,,,,,,,,,
09,144,Mahamaya Nagar,1901,"446,863",-,-,"237,101","209,762",,
,,,1911,"420,999","-25,864",-5.79,"228,426","192,573",,
,,,1921,"386,670","-34,329",-8.15,"210,393","176,277",,
,,,1931,"424,376","+37,706    ",+9.75    ,"230,605","193,771",,
,,,1941,"500,838","+76,462    ",+18.02    ,"272,036","228,802",,
,,,1951,"563,186","+62,348    ",+12.45    ,"304,167","259,019",,
,,,1961,"645,924","+82,738    ",+14.69    ,"348,227","297,697",,
,,,1971,"761,244","+115,320    ",+17.85    ,"417,340","343,904",,
,,,1981,"919,454","+158,210    ",+20.78    ,"503,387","416,067",,
,,,1991,"1,126,918","+207,464    ",+22.56    ,"615,863","511,055",,
,,,2001,"1,336,031","+209,113    ",+18.56    ,"718,930","617,101",,
,,,2011," 1,564,708 ","+228,677    ",+17.12    ," 836,127 "," 728,581 ",,
,,,,,,,,,,
09,145,Mathura,1901,"651,619",-,-,"349,265","302,354",,
,,,1911,"560,620","-90,999",-13.97,"308,757","251,863",,
,,,1921,"528,677","-31,943",-5.70,"291,283","237,394",,
,,,1931,"570,211","+41,534    ",+7.86    ,"310,913","259,298",,
,,,1941,"688,801","+118,590    ",+20.80    ,"375,214","313,587",,
,,,1951,"774,567","+85,766    ",+12.45    ,"419,699","354,868",,
,,,1961,"911,685","+137,118    ",+17.70    ,"496,441","415,244",,
,,,1971,"1,099,356","+187,671    ",+20.59    ,"603,261","496,095",,
,,,1981,"1,330,963","+231,607    ",+21.07    ,"734,735","596,228",,
,,,1991,"1,650,653","+319,690    ",+24.02    ,"908,766","741,887",,
,,,2001,"2,074,516","+423,863    ",+25.68    ,"1,127,512","947,004",,
,,,2011," 2,547,184 ","+472,668    ",+22.78    ," 1,367,125 "," 1,180,059 ",,
,,,,,,,,,,
09,146,Agra,1901,867149,-,-,465107,402042,,
,,,1911,835418," -31,731 ",-3.66,455650,379768,,
,,,1921,755552," -79,866 ",-9.56,415567,339985,,
,,,1931,857072,"+101,520    ",+13.44    ,468427,388645,,
,,,1941,1054327,"+197,255    ",+23.01    ,570561,483766,,
,,,1951,"1,228,534","+174,207    ",+16.52    ,"665,182","563,352",,
,,,1961,"1,506,110","+277,576    ",+22.59    ,"817,713","688,397",,
,,,1971,"1,852,458","+346,348    ",+23.00    ,"1,012,770","839,688",,
,,,1981,"2,258,070","+405,612    ",+21.90    ,"1,235,205","1,022,865",,
,,,1991,"2,752,150","+494,080    ",+21.88    ,"1,502,493","1,249,657",,
,,,2001,"3,621,702","+869,552    ",+31.60    ,"1,961,939","1,659,763",,
,,,2011," 4,418,797 ","+797,095    ",+22.01    ," 2,364,953 "," 2,053,844 ",,
,,,,,,,,,,
09,147,Firozabad,1901,520466,-,-,281692,238774,,
,,,1911,501357," -19,109 ",-3.67,274920,226437,,
,,,1921,464114," -37,243 ",-7.43,255397,208717,,
,,,1931,487700,"+23,586    ",+5.08    ,267609,220091,,
,,,1941,580115,"+92,415    ",+18.95    ,314690,265425,,
,,,1951,"666,941","+86,826    ",+14.97    ,"360,891","306,050",,
,,,1961,"821,189","+154,248    ",+23.13    ,"444,207","376,982",,
,,,1971,"1,034,964","+213,775    ",+26.03    ,"564,624","470,340",,
,,,1981,"1,279,726","+244,762    ",+23.65    ,"701,572","578,154",,
,,,1991,"1,555,685","+275,959    ",+21.56    ,"849,602","706,083",,
,,,2001,"2,081,752","+526,067    ",+33.82    ,"1,124,424","957,328",,
,,,2011," 2,498,156 ","+416,404    ",+20.00    ," 1,332,046 "," 1,166,110 ",,
,,,,,,,,,,
09,148,Mainpuri,1901,"509,051",-,-,"277,038","232,013",,
,,,1911,"489,575","-19,476",-3.83,"269,405","220,170",,
,,,1921,"459,132","-30,443",-6.22,"252,870","206,262",,
,,,1931,"460,118",+986    ,+0.21    ,"253,249","206,869",,
,,,1941,"535,595","+75,477    ",+16.40    ,"291,050","244,545",,
,,,1951,"610,041","+74,446    ",+13.90    ,"327,056","282,985",,
,,,1961,"726,012","+115,971    ",+19.01    ,"390,667","335,345",,
,,,1971,"880,629","+154,617    ",+21.30    ,"480,977","399,652",,
,,,1981,"1,057,344","+176,715    ",+20.07    ,"576,995","480,349",,
,,,1991,"1,311,026","+253,682    ",+23.99    ,"715,010","596,016",,
,,,2001,"1,596,718","+285,692    ",+21.79    ,"859,934","736,784",,
,,,2011," 1,868,529 ","+271,811    ",+17.02    ," 993,377 "," 875,152 ",,
,,,,,,,,,,
09,149,Budaun,1901,"1,026,192",-,-,"553,367","472,825",,
,,,1911,"1,054,293","+28,101    ",+2.74    ,"578,123","476,170",,
,,,1921,"975,684","-78,609",-7.46,"528,017","447,667",,
,,,1931,"1,010,467","+34,783    ",+3.56    ,"546,685","463,782",,
,,,1941,"1,162,322","+151,855    ",+15.03    ,"626,601","535,721",,
,,,1951,"1,251,152","+88,830    ",+7.64    ,"678,606","572,546",,
,,,1961,"1,411,657","+160,505    ",+12.83    ,"768,583","643,074",,
,,,1971,"1,645,967","+234,310    ",+16.60    ,"908,504","737,463",,
,,,1981,"1,971,946","+325,979    ",+19.80    ,"1,090,374","881,572",,
,,,1991,"2,448,338","+476,392    ",+24.16    ,"1,352,744","1,095,594",,
,,,2001,"3,069,426","+621,088    ",+25.37    ,"1,666,669","1,402,757",,
,,,2011," 3,681,896 ","+612,470    ",+19.95    ," 1,967,759 "," 1,714,137 ",,
,,,,,,,,,,
09,150,Bareilly,1901,"1,089,874",-,-,"585,174","504,700",,
,,,1911,"1,094,419","+4,545    ",+0.42    ,"593,704","500,715",,
,,,1921,"1,013,649","-80,770",-7.38,"544,764","468,885",,
,,,1931,"1,072,140","+58,491    ",+5.77    ,"579,731","492,409",,
,,,1941,"1,175,935","+103,795    ",+9.68    ,"637,039","538,896",,
,,,1951,"1,268,950","+93,015    ",+7.91    ,"688,305","580,645",,
,,,1961,"1,478,490","+209,540    ",+16.51    ,"806,220","672,270",,
,,,1971,"1,779,867","+301,377    ",+20.38    ,"979,567","800,300",,
,,,1981,"2,273,030","+493,163    ",+27.71    ,"1,242,077","1,030,953",,
,,,1991,"2,834,616","+561,586    ",+24.71    ,"1,541,086","1,293,530",,
,,,2001,"3,618,589","+783,973    ",+27.66    ,"1,934,119","1,684,470",,
,,,2011," 4,448,359 ","+829,770    ",+22.93    ," 2,357,665 "," 2,090,694 ",,
,,,,,,,,,,
09,151,Pilibhit,1901,"498,706",-,-,"264,772","233,934",,
,,,1911,"516,699","+17,993    ",+3.61    ,"277,714","238,985",,
,,,1921,"457,437","-59,262",-11.47,"243,004","214,433",,
,,,1931,"476,160","+18,723    ",+4.09    ,"255,595","220,565",,
,,,1941,"520,411","+44,251    ",+9.29    ,"279,842","240,569",,
,,,1951,"534,755","+14,344    ",+2.76    ,"288,027","246,728",,
,,,1961,"652,494","+117,739    ",+22.02    ,"352,435","300,059",,
,,,1971,"791,019","+138,525    ",+21.23    ,"433,141","357,878",,
,,,1981,"1,059,559","+268,540    ",+33.95    ,"574,123","485,436",,
,,,1991,"1,344,848","+285,289    ",+26.93    ,"726,212","618,636",,
,,,2001,"1,728,108","+383,260    ",+28.50    ,"920,648","807,460",,
,,,2011," 2,031,007 ","+302,899    ",+17.53    ," 1,072,002 "," 959,005 ",,
,,,,,,,,,,
09,152,Shahjahanpur,1901,"911,065",-,-,"489,498","421,567",,
,,,1911,"934,083","+23,018    ",+2.53    ,"507,449","426,634",,
,,,1921,"829,821","-104,262",-11.16,"448,071","381,750",,
,,,1931,"877,505","+47,684    ",+5.75    ,"478,121","399,384",,
,,,1941,"953,673","+76,168    ",+8.68    ,"523,478","430,195",,
,,,1951,"974,037","+20,364    ",+2.14    ,"533,646","440,391",,
,,,1961,"1,093,987","+119,950    ",+12.31    ,"601,064","492,923",,
,,,1971,"1,247,199","+153,212    ",+14.00    ,"693,947","553,252",,
,,,1981,"1,596,417","+349,218    ",+28.00    ,"881,030","715,387",,
,,,1991,"1,925,650","+329,233    ",+20.62    ,"1,060,512","865,138",,
,,,2001,"2,464,930","+539,280    ",+28.01    ,"1,339,128","1,125,802",,
,,,2011," 3,006,538 ","+541,608    ",+21.97    ," 1,606,403 "," 1,400,135 ",,
,,,,,,,,,,
09,153,Kheri,1901,"905,158",-,-,"478,639","426,519",,
,,,1911,"959,225","+54,067    ",+5.97    ,"511,521","447,704",,
,,,1921,"913,496","-45,729",-4.77,"485,187","428,309",,
,,,1931,"944,502","+31,006    ",+3.39    ,"504,676","439,826",,
,,,1941,"1,024,051","+79,549    ",+8.42    ,"547,863","476,188",,
,,,1951,"1,058,373","+34,322    ",+3.35    ,"572,105","486,268",,
,,,1961,"1,258,433","+200,060    ",+18.90    ,"679,011","579,422",,
,,,1971,"1,486,590","+228,157    ",+18.13    ,"815,004","671,586",,
,,,1981,"1,952,680","+466,090    ",+31.35    ,"1,057,614","895,066",,
,,,1991,"2,419,234","+466,554    ",+23.89    ,"1,313,517","1,105,717",,
,,,2001,"3,207,232","+787,998    ",+32.57    ,"1,713,908","1,493,324",,
,,,2011," 4,021,243 ","+814,011    ",+25.38    ," 2,123,187 "," 1,898,056 ",,
,,,,,,,,,,
09,154,Sitapur,1901,"1,180,506",-,-,"622,443","558,063",,
,,,1911,"1,144,011","-36,495",-3.09,"608,946","535,065",,
,,,1921,"1,094,581","-49,430",-4.32,"584,310","510,271",,
,,,1931,"1,172,580","+77,999    ",+7.13    ,"624,831","547,749",,
,,,1941,"1,299,494","+126,914    ",+10.82    ,"692,400","607,094",,
,,,1951,"1,386,918","+87,424    ",+6.73    ,"745,572","641,346",,
,,,1961,"1,608,057","+221,139    ",+15.94    ,"865,242","742,815",,
,,,1971,"1,884,400","+276,343    ",+17.18    ,"1,030,482","853,918",,
,,,1981,"2,337,284","+452,884    ",+24.03    ,"1,266,040","1,071,244",,
,,,1991,"2,857,009","+519,725    ",+22.24    ,"1,558,905","1,298,104",,
,,,2001,"3,619,661","+762,652    ",+26.69    ,"1,941,374","1,678,287",,
,,,2011," 4,483,992 ","+864,331    ",+23.88    ," 2,375,264 "," 2,108,728 ",,
,,,,,,,,,,
09,155,Hardoi,1901,"1,092,236",-,-,"582,215","510,021",,
,,,1911,"1,120,542","+28,306    ",+2.59    ,"609,483","511,059",,
,,,1921,"1,083,727","-36,815",-3.29,"585,782","497,945",,
,,,1931,"1,126,750","+43,023    ",+3.97    ,"607,913","518,837",,
,,,1941,"1,239,083","+112,333    ",+9.97    ,"665,680","573,403",,
,,,1951,"1,361,562","+122,479    ",+9.88    ,"730,624","630,938",,
,,,1961,"1,573,171","+211,609    ",+15.54    ,"847,161","726,010",,
,,,1971,"1,849,519","+276,348    ",+17.57    ,"1,013,260","836,259",,
,,,1981,"2,274,929","+425,410    ",+23.00    ,"1,244,898","1,030,031",,
,,,1991,"2,747,082","+472,153    ",+20.75    ,"1,510,831","1,236,251",,
,,,2001,"3,398,306","+651,224    ",+23.71    ,"1,842,698","1,555,608",,
,,,2011," 4,092,845 ","+694,539    ",+20.44    ," 2,191,442 "," 1,901,403 ",,
,,,,,,,,,,
09,156,Unnao,1901,"976,590",-,-,"498,990","477,600",,
,,,1911,"910,869","-65,721",-6.73,"478,561","432,308",,
,,,1921,"819,087","-91,782",-10.08,"433,591","385,496",,
,,,1931,"855,657","+36,570    ",+4.46    ,"452,802","402,855",,
,,,1941,"959,493","+103,836    ",+12.14    ,"506,129","453,364",,
,,,1951,"1,067,001","+107,508    ",+11.20    ,"561,077","505,924",,
,,,1961,"1,226,779","+159,778    ",+14.97    ,"648,461","578,318",,
,,,1971,"1,484,393","+257,614    ",+21.00    ,"785,755","698,638",,
,,,1981,"1,822,591","+338,198    ",+22.78    ,"964,622","857,969",,
,,,1991,"2,200,397","+377,806    ",+20.73    ,"1,174,856","1,025,541",,
,,,2001,"2,700,324","+499,927    ",+22.72    ,"1,422,509","1,277,815",,
,,,2011," 3,108,367 ","+408,043    ",+15.11    ," 1,630,087 "," 1,478,280 ",,
,,,,,,,,,,
09,157,Lucknow,1901,"793,241",-,-,"414,949","378,292",,
,,,1911,"764,411","-28,830",-3.63,"411,799","352,612",,
,,,1921,"724,344","-40,067",-5.24,"392,559","331,785",,
,,,1931,"787,472","+63,128    ",+8.72    ,"432,865","354,607",,
,,,1941,"949,728","+162,256    ",+20.60    ,"522,050","427,678",,
,,,1951,"1,128,101","+178,373    ",+18.78    ,"612,443","515,658",,
,,,1961,"1,338,882","+210,781    ",+18.68    ,"728,214","610,668",,
,,,1971,"1,617,846","+278,964    ",+20.84    ,"878,723","739,123",,
,,,1981,"2,014,574","+396,728    ",+24.52    ,"1,090,692","923,882",,
,,,1991,"2,762,801","+748,227    ",+37.14    ,"1,480,839","1,281,962",,
,,,2001,"3,647,834","+885,033    ",+32.03    ,"1,932,317","1,715,517",,
,,,2011," 4,589,838 ","+942,004    ",+25.82    ," 2,394,476 "," 2,195,362 ",,
,,,,,,,,,,
09,158,Rae Bareli,1901,"1,033,571",-,-,"510,070","523,501",,
,,,1911,"1,016,689","-16,882",-1.63,"510,648","506,041",,
,,,1921,"936,442","-80,247",-7.89,"474,836","461,606",,
,,,1931,"974,237","+37,795    ",+4.04    ,"493,871","480,366",,
,,,1941,"1,065,296","+91,059    ",+9.35    ,"539,476","525,820",,
,,,1951,"1,157,461","+92,165    ",+8.65    ,"592,315","565,146",,
,,,1961,"1,316,095","+158,634    ",+13.71    ,"669,902","646,193",,
,,,1971,"1,504,187","+188,092    ",+14.29    ,"773,772","730,415",,
,,,1981,"1,879,248","+375,061    ",+24.93    ,"968,175","911,073",,
,,,1991,"2,309,928","+430,680    ",+22.92    ,"1,196,287","1,113,641",,
,,,2001,"2,872,335","+562,407    ",+24.35    ,"1,472,230","1,400,105",,
,,,2011," 3,405,559 ","+533,224    ",+18.56    ," 1,752,542 "," 1,653,017 ",,
,,,,,,,,,,
09,159,Farrukhabad,1901,"493,642",-,-,"267,041","226,601",,
,,,1911,"479,956","-13,686",-2.77,"263,410","216,546",,
,,,1921,"456,824","-23,132",-4.82,"250,086","206,738",,
,,,1931,"477,369","+20,545    ",+4.50    ,"261,253","216,116",,
,,,1941,"519,387","+42,018    ",+8.80    ,"277,953","241,434",,
,,,1951,"593,888","+74,501    ",+14.34    ,"322,404","271,484",,
,,,1961,"704,476","+110,588    ",+18.62    ,"383,930","320,546",,
,,,1971,"829,697","+125,221    ",+17.78    ,"458,441","371,256",,
,,,1981,"1,031,970","+202,273    ",+24.38    ,"568,007","463,963",,
,,,1991,"1,284,419","+252,449    ",+24.46    ,"700,921","583,498",,
,,,2001,"1,570,408","+285,989    ",+22.27    ,"849,800","720,608",,
,,,2011," 1,885,204 ","+314,796    ",+20.05    ," 1,006,240 "," 878,964 ",,
,,,,,,,,,,
09,160,Kannauj,1901,"414,501",-,-,"224,228","190,273",,
,,,1911,"403,009","-11,492",-2.77,"221,180","181,829",,
,,,1921,"383,586","-19,423",-4.82,"209,992","173,594",,
,,,1931,"400,836","+17,250    ",+4.50    ,"219,369","181,467",,
,,,1941,"436,118","+35,282    ",+8.80    ,"233,392","202,726",,
,,,1951,"498,675","+62,557    ",+14.34    ,"272,095","226,580",,
,,,1961,"590,595","+91,920    ",+18.43    ,"320,457","270,138",,
,,,1971,"727,233","+136,638    ",+23.14    ,"398,284","328,949",,
,,,1981,"917,167","+189,934    ",+26.12    ,"499,989","417,178",,
,,,1991,"1,155,847","+238,680    ",+26.02    ,"628,653","527,194",,
,,,2001,"1,388,923","+233,076    ",+20.16    ,"744,170","644,753",,
,,,2011," 1,656,616 ","+267,693    ",+19.27    ," 881,776 "," 774,840 ",,
,,,,,,,,,,
09,161,Etawah,1901,"443,489",-,-,"240,720","202,769",,
,,,1911,"417,882","-25,607",-5.77,"229,061","188,821",,
,,,1921,"403,197","-14,685",-3.51,"222,242","180,955",,
,,,1931,"410,018","+6,821    ",+1.69    ,"227,024","182,994",,
,,,1941,"485,410","+75,392    ",+18.39    ,"264,758","220,652",,
,,,1951,"533,569","+48,159    ",+9.92    ,"289,285","244,284",,
,,,1961,"642,294","+108,725    ",+20.38    ,"348,353","293,941",,
,,,1971,"782,666","+140,372    ",+21.85    ,"428,057","354,609",,
,,,1981,"939,030","+156,364    ",+19.98    ,"511,875","427,155",,
,,,1991,"1,130,340","+191,310    ",+20.37    ,"616,440","513,900",,
,,,2001,"1,338,871","+208,531    ",+18.45    ,"720,749","618,122",,
,,,2011," 1,581,810 ","+242,939    ",+18.15    ," 845,856 "," 735,954 ",,
,,,,,,,,,,
09,162,Auraiya ,1901,"365,919",-,-,"198,613","167,306",,
,,,1911,"344,748","-21,171",-5.79,"188,968","155,780",,
,,,1921,"332,689","-12,059",-3.50,"183,378","149,311",,
,,,1931,"338,346","+5,657    ",+1.70    ,"187,346","151,000",,
,,,1941,"400,599","+62,253    ",+18.40    ,"218,504","182,095",,
,,,1951,"440,253","+39,654    ",+9.90    ,"239,890","200,363",,
,,,1961,"543,555","+103,302    ",+23.46    ,"293,597","249,958",,
,,,1971,"669,181","+125,626    ",+23.11    ,"366,938","302,243",,
,,,1981,"808,222","+139,041    ",+20.78    ,"442,314","365,908",,
,,,1991,"1,000,035","+191,813    ",+23.73    ,"546,950","453,085",,
,,,2001,"1,179,993","+179,958    ",+18.00    ,"635,762","544,231",,
,,,2011," 1,379,545 ","+199,552    ",+16.91    ," 740,040 "," 639,505 ",,
,,,,,,,,,,
09,163,Kanpur Dehat,1901,"398,550",-,-,"213,363","185,187",,
,,,1911,"361,641","-36,909",-9.26,"197,376","164,265",,
,,,1921,"363,659","+2,018    ",+0.56    ,"201,771","161,888",,
,,,1931,"383,790","+20,131    ",+5.54    ,"212,059","171,731",,
,,,1941,"492,694","+108,904    ",+28.38    ,"277,228","215,466",,
,,,1951,"614,143","+121,449    ",+24.65    ,"331,058","283,085",,
,,,1961,"734,347","+120,204    ",+19.57    ,"393,690","340,657",,
,,,1971,"897,068","+162,721    ",+22.16    ,"485,275","411,793",,
,,,1981,"1,087,032","+189,964    ",+21.18    ,"589,439","497,593",,
,,,1991,"1,303,232","+216,200    ",+19.89    ,"709,767","593,465",,
,,,2001,"1,563,336","+260,104    ",+19.96    ,"844,339","718,997",,
,,,2011," 1,796,184 ","+232,848    ",+14.89    ," 963,255 "," 832,929 ",,
,,,,,,,,,,
09,164,Kanpur Nagar,1901,"860,367",-,-,"460,594","399,773",,
,,,1911,"780,691","-79,676",-9.26,"426,085","354,606",,
,,,1921,"785,046","+4,355    ",+0.56    ,"435,570","349,476",,
,,,1931,"828,506","+43,460    ",+5.54    ,"457,781","370,725",,
,,,1941,"1,063,602","+235,096    ",+28.38    ,"598,465","465,137",,
,,,1951,"1,325,778","+262,176    ",+24.65    ,"749,169","576,609",,
,,,1961,"1,647,150","+321,372    ",+24.24    ,"921,082","726,068",,
,,,1971,"2,099,164","+452,014    ",+27.44    ,"1,168,219","930,945",,
,,,1981,"2,655,191","+556,027    ",+26.49    ,"1,454,939","1,200,252",,
,,,1991,"3,253,572","+598,381    ",+22.54    ,"1,776,197","1,477,375",,
,,,2001,"4,167,999","+914,427    ",+28.11    ,"2,247,216","1,920,783",,
,,,2011," 4,581,268 ","+413,269    ",+9.92    ," 2,459,806 "," 2,121,462 ",,
,,,,,,,,,,
09,165,Jalaun,1901,"424,017",-,-,"218,941","205,076",,
,,,1911,"431,158","+7,141    ",+1.68    ,"223,255","207,903",,
,,,1921,"431,164",+6    ,+0.00    ,"226,820","204,344",,
,,,1931,"452,074","+20,910    ",+4.85    ,"236,951","215,123",,
,,,1941,"515,476","+63,402    ",+14.02    ,"270,664","244,812",,
,,,1951,"553,572","+38,096    ",+7.39    ,"290,114","263,458",,
,,,1961,"663,168","+109,596    ",+19.80    ,"351,704","311,464",,
,,,1971,"813,490","+150,322    ",+22.67    ,"437,972","375,518",,
,,,1981,"986,238","+172,748    ",+21.24    ,"537,017","449,221",,
,,,1991,"1,219,377","+233,139    ",+23.64    ,"666,865","552,512",,
,,,2001,"1,454,452","+235,075    ",+19.28    ,"786,641","667,811",,
,,,2011," 1,689,974 ","+235,522    ",+16.19    ," 906,092 "," 783,882 ",,
,,,,,,,,,,
09,166,Jhansi,1901,"426,875",-,-,"218,240","208,635",,
,,,1911,"468,327","+41,452    ",+9.71    ,"240,646","227,681",,
,,,1921,"421,828","-46,499",-9.93,"219,280","202,548",,
,,,1931,"477,544","+55,716    ",+13.21    ,"247,173","230,371",,
,,,1941,"535,878","+58,334    ",+12.22    ,"276,947","258,931",,
,,,1951,"565,933","+30,055    ",+5.61    ,"295,324","270,609",,
,,,1961,"714,484","+148,551    ",+26.25    ,"377,942","336,542",,
,,,1971,"870,138","+155,654    ",+21.79    ,"463,005","407,133",,
,,,1981,"1,137,031","+266,893    ",+30.67    ,"608,428","528,603",,
,,,1991,"1,429,698","+292,667    ",+25.74    ,"767,430","662,268",,
,,,2001,"1,744,931","+315,233    ",+22.05    ,"932,818","812,113",,
,,,2011," 1,998,603 ","+253,672    ",+14.54    ," 1,057,436 "," 941,167 ",,
,,,,,,,,,,
09,167,Lalitpur,1901,"237,112",-,-,"121,223","115,889",,
,,,1911,"260,137","+23,025    ",+9.71    ,"133,669","126,468",,
,,,1921,"234,309","-25,828",-9.93,"121,801","112,508",,
,,,1931,"265,258","+30,949    ",+13.21    ,"137,296","127,962",,
,,,1941,"297,660","+32,402    ",+12.22    ,"153,834","143,826",,
,,,1951,"314,354","+16,694    ",+5.61    ,"162,756","151,598",,
,,,1961,"372,995","+58,641    ",+18.65    ,"195,761","177,234",,
,,,1971,"436,920","+63,925    ",+17.14    ,"235,558","201,362",,
,,,1981,"577,648","+140,728    ",+32.21    ,"310,854","266,794",,
,,,1991,"752,043","+174,395    ",+30.19    ,"403,685","348,358",,
,,,2001,"977,734","+225,691    ",+30.01    ,"519,413","458,321",,
,,,2011," 1,221,592 ","+243,858    ",+24.94    ," 641,011 "," 580,581 ",,
,,,,,,,,,,
09,168,Hamirpur,1901,"316,931",-,-,"159,102","157,829",,
,,,1911,"323,276","+6,345    ",+2.00    ,"163,113","160,163",,
,,,1921,"309,671","-13,605",-4.21,"157,725","151,946",,
,,,1931,"330,690","+21,019    ",+6.79    ,"168,984","161,706",,
,,,1941,"376,290","+45,600    ",+13.79    ,"192,226","184,064",,
,,,1951,"386,346","+10,056    ",+2.67    ,"199,460","186,886",,
,,,1961,"463,768","+77,422    ",+20.04    ,"241,517","222,251",,
,,,1971,"576,467","+112,699    ",+24.30    ,"306,714","269,753",,
,,,1981,"689,302","+112,835    ",+19.57    ,"371,935","317,367",,
,,,1991,"841,438","+152,136    ",+22.07    ,"457,562","383,876",,
,,,2001,"993,792","+152,354    ",+18.11    ,"536,703","457,089",,
,,,2011," 1,104,285 ","+110,493    ",+11.12    ," 593,537 "," 510,748 ",,
,,,,,,,,,,
09,169,Mahoba ,1901,"228,109",-,-,"114,512","113,597",,
,,,1911,"232,675","+4,566    ",+2.00    ,"117,398","115,277",,
,,,1921,"222,882","-9,793",-4.21,"113,521","109,361",,
,,,1931,"238,012","+15,130    ",+6.79    ,"121,625","116,387",,
,,,1941,"270,832","+32,820    ",+13.79    ,"138,354","132,478",,
,,,1951,"278,070","+7,238    ",+2.67    ,"142,017","136,053",,
,,,1961,"330,681","+52,611    ",+18.92    ,"171,400","159,281",,
,,,1971,"411,748","+81,067    ",+24.52    ,"219,401","192,347",,
,,,1981,"504,866","+93,118    ",+22.62    ,"271,357","233,509",,
,,,1991,"625,053","+120,187    ",+23.81    ,"338,886","286,167",,
,,,2001,"758,379","+133,326    ",+21.33    ,"406,789","351,590",,
,,,2011," 875,958 ","+117,579    ",+15.50    ," 466,358 "," 409,600 ",,
,,,,,,,,,,
09,170,Banda,1901,"406,944",,-,"205,026","201,918",,
,,,1911,"424,056","+17,112    ",+4.21    ,"214,548","209,508",,
,,,1921,"396,194","-27,862",-6.57,"203,222","192,972",,
,,,1931,"421,181","+24,987    ",+6.31    ,"217,784","203,397",,
,,,1941,"486,491","+65,310    ",+15.51    ,"251,489","235,002",,
,,,1951,"519,370","+32,879    ",+6.76    ,"268,966","250,404",,
,,,1961,"631,666","+112,296    ",+21.62    ,"330,587","301,079",,
,,,1971,"792,699","+161,033    ",+25.49    ,"423,874","368,825",,
,,,1981,"1,023,644","+230,945    ",+29.13    ,"550,782","472,862",,
,,,1991,"1,237,962","+214,318    ",+20.94    ,"675,867","562,095",,
,,,2001,"1,501,602","+263,640    ",+21.30    ,"807,316","694,286",,
,,,2011," 1,799,410 ","+297,808    ",+19.83    ," 965,876 "," 833,534 ",,
,,,,,,,,,,
09,171,Chitrakoot ,1901,"212,242",-,-,"106,932","105,310",,
,,,1911,"221,166","+8,924    ",+4.20    ,"111,898","109,268",,
,,,1921,"206,634","-14,532",-6.57,"105,990","100,644",,
,,,1931,"219,667","+13,033    ",+6.31    ,"113,585","106,082",,
,,,1941,"253,728","+34,061    ",+15.51    ,"131,163","122,565",,
,,,1951,"270,877","+17,149    ",+6.76    ,"141,835","129,042",,
,,,1961,"322,065","+51,188    ",+18.90    ,"169,986","152,079",,
,,,1971,"389,516","+67,451    ",+20.94    ,"208,047","181,469",,
,,,1981,"510,346","+120,830    ",+31.02    ,"272,034","238,312",,
,,,1991,"624,177","+113,831    ",+22.30    ,"335,363","288,814",,
,,,2001,"801,957","+177,780    ",+28.48    ,"428,406","373,551",,
,,,2011," 991,730 ","+189,773    ",+23.66    ," 527,721 "," 464,009 ",,
,,,,,,,,,,
09,172,Fatehpur,1901,"681,848",-,-,"347,065","334,783",,
,,,1911,"672,459","-9,389",-1.38,"347,886","324,573",,
,,,1921,"648,065","-24,394",-3.63,"339,259","308,806",,
,,,1931,"684,218","+36,153    ",+5.58    ,"359,004","325,214",,
,,,1941,"801,574","+117,356    ",+17.15    ,"413,039","388,535",,
,,,1951,"902,928","+101,354    ",+12.64    ,"471,576","431,352",,
,,,1961,"1,066,028","+163,100    ",+18.06    ,"556,791","509,237",,
,,,1971,"1,278,549","+212,521    ",+19.94    ,"672,660","605,889",,
,,,1981,"1,572,751","+294,202    ",+23.01    ,"829,584","743,167",,
,,,1991,"1,899,387","+326,636    ",+20.77    ,"1,009,463","889,924",,
,,,2001,"2,308,384","+408,997    ",+21.53    ,"1,219,602","1,088,782",,
,,,2011," 2,632,733 ","+324,349    ",+14.05    ," 1,384,722 "," 1,248,011 ",,
,,,,,,,,,,
09,173,Pratapgarh,1901,"908,105",-,-,"443,994","464,111",,
,,,1911,"895,279","-12,826",-1.41,"435,152","460,127",,
,,,1921,"850,752","-44,527",-4.97,"415,491","435,261",,
,,,1931,"901,618","+50,866    ",+5.98    ,"440,051","461,567",,
,,,1941,"1,036,496","+134,878    ",+14.96    ,"527,429","509,067",,
,,,1951,"1,106,805","+70,309    ",+6.78    ,"542,763","564,042",,
,,,1961,"1,252,196","+145,391    ",+13.14    ,"607,165","645,031",,
,,,1971,"1,422,707","+170,511    ",+13.62    ,"705,726","716,981",,
,,,1981,"1,801,049","+378,342    ",+26.59    ,"897,711","903,338",,
,,,1991,"2,210,700","+409,651    ",+22.75    ,"1,112,755","1,097,945",,
,,,2001,"2,731,174","+520,474    ",+23.54    ,"1,362,948","1,368,226",,
,,,2011," 3,209,141 ","+477,967    ",+17.50    ," 1,606,085 "," 1,603,056 ",,
,,,,,,,,,,
09,174,Kaushambi ,1901,"346,185",-,-,"173,047","173,138",,
,,,1911,"340,788","-5,397",-1.56,"172,860","167,928",,
,,,1921,"326,230","-14,558",-4.27,"167,695","158,535",,
,,,1931,"346,458","+20,228    ",+6.20    ,"178,147","168,311",,
,,,1941,"420,798","+74,340    ",+21.46    ,"215,411","205,387",,
,,,1951,"475,525","+54,727    ",+13.01    ,"242,882","232,643",,
,,,1961,"555,870","+80,345    ",+16.90    ,"285,847","270,023",,
,,,1971,"644,994","+89,124    ",+16.03    ,"335,302","309,692",,
,,,1981,"813,788","+168,794    ",+26.17    ,"426,693","387,095",,
,,,1991,"1,021,653","+207,865    ",+25.54    ,"542,446","479,207",,
,,,2001,"1,291,993","+270,340    ",+26.46    ,"681,648","610,345",,
,,,2011," 1,599,596 ","+307,603    ",+23.81    ," 838,485 "," 761,111 ",,
,,,,,,,,,,
09,175,Allahabad,1901,"1,141,944",-,-,"570,822","571,122",,
,,,1911,"1,124,143","-17,801",-1.56,"570,205","553,938",,
,,,1921,"1,076,120","-48,023",-4.27,"553,166","522,954",,
,,,1931,"1,142,845","+66,725    ",+6.20    ,"587,647","555,198",,
,,,1941,"1,388,068","+245,223    ",+21.46    ,"710,568","677,500",,
,,,1951,"1,568,592","+180,524    ",+13.01    ,"807,442","761,150",,
,,,1961,"1,882,506","+313,914    ",+20.01    ,"978,134","904,372",,
,,,1971,"2,292,284","+409,778    ",+21.77    ,"1,211,980","1,080,304",,
,,,1981,"2,983,245","+690,961    ",+30.14    ,"1,582,078","1,401,167",,
,,,1991,"3,899,660","+916,415    ",+30.72    ,"2,082,383","1,817,277",,
,,,2001,"4,937,266","+1,037,606    ",+26.61    ,"2,627,090","2,310,176",,
,,,2011," 5,954,391 ","+1,017,125    ",+20.60    ," 3,131,807 "," 2,822,584 ",,
,,,,,,,,,,
09,176,Bara Banki,1901,"1,025,624",-,-,"525,271","500,353",,
,,,1911,"942,608","-83,016",-8.09,"490,631","451,977",,
,,,1921,"895,722","-46,886",-4.97,"466,940","428,782",,
,,,1931,"925,401","+29,679    ",+3.31    ,"482,633","442,768",,
,,,1941,"1,011,287","+85,886    ",+9.28    ,"530,031","481,256",,
,,,1951,"1,099,754","+88,467    ",+8.75    ,"582,364","517,390",,
,,,1961,"1,234,931","+135,177    ",+12.29    ,"655,071","579,860",,
,,,1971,"1,424,536","+189,605    ",+15.35    ,"772,084","652,452",,
,,,1981,"1,740,799","+316,263    ",+22.20    ,"938,901","801,898",,
,,,1991,"2,112,782","+371,983    ",+21.37    ,"1,139,317","973,465",,
,,,2001,"2,673,581","+560,799    ",+26.54    ,"1,416,921","1,256,660",,
,,,2011," 3,260,699 ","+587,118    ",+21.96    ," 1,707,073 "," 1,553,626 ",,
,,,,,,,,,,
09,177,Faizabad,1901,"739,402",-,-,"374,751","364,651",,
,,,1911,"693,018","-46,384",-6.27,"348,647","344,371",,
,,,1921,"694,764","+1,746    ",0.25,"351,387","343,377",,
,,,1931,"714,938","+20,174    ",+2.90    ,"364,070","350,868",,
,,,1941,"782,639","+67,701    ",+9.47    ,"396,003","386,636",,
,,,1951,"873,686","+91,047    ",+11.63    ,"445,480","428,206",,
,,,1961,"960,818","+87,132    ",+9.97    ,"485,233","475,585",,
,,,1971,"1,107,515","+146,697    ",+15.27    ,"578,517","528,998",,
,,,1981,"1,361,862","+254,347    ",+22.97    ,"712,346","649,516",,
,,,1991,"1,684,747","+322,885    ",+23.71    ,"887,574","797,173",,
,,,2001,"2,088,928","+404,181    ",+23.99    ,"1,077,472","1,011,456",,
,,,2011," 2,470,996 ","+382,068    ",+18.29    ," 1,259,628 "," 1,211,368 ",,
,,,,,,,,,,
09,178,Ambedkar Nagar ,1901,"641,783",-,-,"324,319","317,464",,
,,,1911,"604,679","-37,104",-5.78,"301,621","303,058",,
,,,1921,"614,107","+9,428    ",+1.56    ,"308,428","305,679",,
,,,1931,"631,356","+17,249    ",+2.81    ,"319,708","311,648",,
,,,1941,"691,971","+60,615    ",+9.60    ,"347,219","344,752",,
,,,1951,"777,416","+85,445    ",+12.35    ,"393,860","383,556",,
,,,1961,"866,321","+88,905    ",+11.44    ,"437,601","428,720",,
,,,1971,"1,046,122","+179,801    ",+20.75    ,"541,589","504,533",,
,,,1981,"1,291,125","+245,003    ",+23.42    ,"661,956","629,169",,
,,,1991,"1,629,353","+338,228    ",+26.20    ,"838,776","790,577",,
,,,2001,"2,026,876","+397,523    ",+24.40    ,"1,024,953","1,001,923",,
,,,2011," 2,397,888 ","+371,012    ",+18.30    ," 1,212,410 "," 1,185,478 ",,
,,,,,,,,,,
09,179,Sultanpur,1901,"1,097,006",-,-,"541,362","555,644",,
,,,1911,"1,061,205","-35,801",-3.26,"522,335","538,870",,
,,,1921,"1,016,338","-44,867",-4.23,"500,828","515,510",,
,,,1931,"1,064,516","+48,178    ",+4.74    ,"525,926","538,590",,
,,,1941,"1,115,311","+50,795    ",+4.77    ,"545,190","570,121",,
,,,1951,"1,298,249","+182,938    ",+16.40    ,"649,671","648,578",,
,,,1961,"1,418,750","+120,501    ",+9.28    ,"703,555","715,195",,
,,,1971,"1,649,258","+230,508    ",+16.25    ,"837,245","812,013",,
,,,1981,"2,050,140","+400,882    ",+24.31    ,"1,040,254","1,009,886",,
,,,1991,"2,571,706","+521,566    ",+25.44    ,"1,330,194","1,241,512",,
,,,2001,"3,214,832","+643,126    ",+25.01    ,"1,623,819","1,591,013",,
,,,2011," 3,797,117 ","+582,285    ",+18.11    ," 1,914,586 "," 1,882,531 ",,
,,,,,,,,,,
09,180,Bahraich,1901,"764,477",-,-,"395,846","368,631",,
,,,1911,"761,611","-2,866",-0.37,"395,887","365,724",,
,,,1921,"774,317","+12,706    ",+1.67    ,"403,041","371,276",,
,,,1931,"825,923","+51,606    ",+6.66    ,"430,800","395,123",,
,,,1941,"901,675","+75,752    ",+9.17    ,"472,076","429,599",,
,,,1951,"978,553","+76,878    ",+8.53    ,"514,216","464,337",,
,,,1961,"1,098,695","+120,142    ",+12.28    ,"579,597","519,098",,
,,,1971,"1,282,218","+183,523    ",+16.70    ,"694,757","587,461",,
,,,1981,"1,672,410","+390,192    ",+30.43    ,"890,158","782,252",,
,,,1991,"2,090,852","+418,442    ",+25.02    ,"1,133,242","957,610",,
,,,2001,"2,701,478","+610,626    ",+29.20    ,"1,446,269","1,255,209",,
,,,2011," 3,487,731 ","+786,253    ",+29.10    ," 1,843,884 "," 1,643,847 ",,
,,,,,,,,,,
09,181,Shrawasti ,1901,"285,233",-,-,"147,693","137,540",,
,,,1911,"284,164","-1,069",-0.37,"147,710","136,454",,
,,,1921,"288,905","+4,741    ",+1.67    ,"150,378","138,527",,
,,,1931,"308,159","+19,254    ",+6.66    ,"160,735","147,424",,
,,,1941,"336,423","+28,264    ",+9.17    ,"176,135","160,288",,
,,,1951,"365,107","+28,684    ",+8.53    ,"190,454","174,653",,
,,,1961,"401,234","+36,127    ",+9.89    ,"210,895","190,339",,
,,,1971,"444,754","+43,520    ",+10.85    ,"243,146","201,608",,
,,,1981,"543,835","+99,081    ",+22.28    ,"304,785","239,050",,
,,,1991,"672,898","+129,063    ",+23.73    ,"368,008","304,890",,
,,,2001,"855,985","+183,087    ",+27.21    ,"460,998","394,987",,
,,,2011," 1,117,361 ","+261,376    ",+30.54    ," 593,897 "," 523,464 ",,
,,,,,,,,,,
09,182,Balrampur ,1901,"529,899",-,-,"269,702","260,197",,
,,,1911,"533,293","+3,394    ",+0.64    ,"271,290","262,003",,
,,,1921,"556,274","+22,981    ",+4.31    ,"284,304","271,970",,
,,,1931,"595,016","+38,742    ",+6.96    ,"304,504","290,512",,
,,,1941,"649,247","+54,231    ",+9.11    ,"333,868","315,379",,
,,,1951,"708,839","+59,592    ",+9.18    ,"367,037","341,802",,
,,,1961,"793,354","+84,515    ",+11.92    ,"413,879","379,475",,
,,,1971,"892,307","+98,953    ",+12.47    ,"478,013","414,294",,
,,,1981,"1,085,302","+192,995    ",+21.63    ,"578,956","506,346",,
,,,1991,"1,368,630","+283,328    ",+26.11    ,"732,831","635,799",,
,,,2001,"1,682,350","+313,720    ",+22.92    ,"887,939","794,411",,
,,,2011," 2,148,665 ","+466,315    ",+27.72    ," 1,114,721 "," 1,033,944 ",,
,,,,,,,,,,
09,183,Gonda,1901,"873,630",-,-,"444,652","428,978",,
,,,1911,"879,226","+5,596    ",+0.64    ,"447,268","431,958",,
,,,1921,"917,115","+37,889    ",+4.31    ,"468,725","448,390",,
,,,1931,"980,987","+63,872    ",+6.96    ,"502,028","478,959",,
,,,1941,"1,070,397","+89,410    ",+9.11    ,"550,440","519,957",,
,,,1951,"1,168,645","+98,248    ",+9.18    ,"605,210","563,435",,
,,,1961,"1,279,883","+111,238    ",+9.52    ,"658,939","620,944",,
,,,1971,"1,409,722","+129,839    ",+10.14    ,"749,435","660,287",,
,,,1981,"1,749,260","+339,538    ",+24.09    ,"920,742","828,518",,
,,,1991,"2,204,445","+455,185    ",+26.02    ,"1,174,744","1,029,701",,
,,,2001,"2,765,586","+561,141    ",+25.45    ,"1,451,101","1,314,485",,
,,,2011," 3,433,919 ","+668,333    ",+24.17    ," 1,787,146 "," 1,646,773 ",,
,,,,,,,,,,
09,184,Siddharthnagar,1901,"701,884",-,-,"355,687","346,197",,
,,,1911,"695,902","-5,982",-0.85,"352,162","343,740",,
,,,1921,"731,947","+36,045    ",+5.18    ,"374,386","357,561",,
,,,1931,"790,038","+58,091    ",+7.94    ,"405,850","384,188",,
,,,1941,"830,952","+40,914    ",+5.18    ,"427,825","403,127",,
,,,1951,"907,736","+76,784    ",+9.24    ,"462,065","445,671",,
,,,1961,"962,262","+54,526    ",+6.01    ,"493,390","468,872",,
,,,1971,"1,089,054","+126,792    ",+13.18    ,"570,851","518,203",,
,,,1981,"1,300,583","+211,529    ",+19.42    ,"676,050","624,533",,
,,,1991,"1,607,964","+307,381    ",+23.63    ,"841,188","766,776",,
,,,2001,"2,040,085","+432,121    ",+26.87    ,"1,047,165","992,920",,
,,,2011," 2,559,297 ","+519,212    ",+25.45    ," 1,295,095 "," 1,264,202 ",,
,,,,,,,,,,
09,185,Basti,1901,"656,285",-,-,"332,578","323,707",,
,,,1911,"650,693","-5,592",-0.85,"329,284","321,409",,
,,,1921,"684,396","+33,703    ",+5.18    ,"350,064","334,332",,
,,,1931,"738,712","+54,316    ",+7.94    ,"379,484","359,228",,
,,,1941,"776,969","+38,257    ",+5.18    ,"400,032","376,937",,
,,,1951,"848,764","+71,795    ",+9.24    ,"436,379","412,385",,
,,,1961,"1,010,706","+161,942    ",+19.08    ,"522,098","488,608",,
,,,1971,"1,142,299","+131,593    ",+13.02    ,"604,720","537,579",,
,,,1981,"1,366,434","+224,135    ",+19.62    ,"712,836","653,598",,
,,,1991,"1,686,327","+319,893    ",+23.41    ,"883,887","802,440",,
,,,2001,"2,084,814","+398,487    ",+23.63    ,"1,075,765","1,009,049",,
,,,2011," 2,464,464 ","+379,650    ",+18.21    ," 1,255,272 "," 1,209,192 ",,
,,,,,,,,,,
09,186,Sant Kabir Nagar ,1901,"486,935",-,-,"246,759","240,176",,
,,,1911,"482,786","-4,149",-0.85,"244,314","238,472",,
,,,1921,"507,791","+25,005    ",+5.18    ,"259,731","248,060",,
,,,1931,"548,093","+40,302    ",+7.94    ,"281,560","266,533",,
,,,1941,"576,478","+28,385    ",+5.18    ,"296,806","279,672",,
,,,1951,"629,746","+53,268    ",+9.24    ,"320,681","309,065",,
,,,1961,"652,787","+23,041    ",+3.66    ,"331,922","320,865",,
,,,1971,"752,737","+99,950    ",+15.31    ,"392,466","360,271",,
,,,1981,"911,052","+158,315    ",+21.03    ,"467,060","443,992",,
,,,1991,"1,152,116","+241,064    ",+26.46    ,"597,516","554,600",,
,,,2001,"1,420,226","+268,110    ",+23.27    ,"719,465","700,761",,
,,,2011," 1,715,183 ","+294,957    ",+20.77    ," 869,656 "," 845,527 ",,
,,,,,,,,,,
09,187,Mahrajganj,1901,"496,095",-,-,"246,750","249,345",,
,,,1911,"540,574","+44,479    ",+8.97    ,"270,972","269,602",,
,,,1921,"551,476","+10,902    ",+2.02    ,"279,392","272,084",,
,,,1931,"615,937","+64,461    ",+11.69    ,"315,120","300,817",,
,,,1941,"681,685","+65,748    ",+10.67    ,"344,143","337,542",,
,,,1951,"765,432","+83,747    ",+12.29    ,"389,787","375,645",,
,,,1961,"892,048","+126,616    ",+16.54    ,"454,519","437,529",,
,,,1971,"1,057,848","+165,800    ",+18.59    ,"552,037","505,811",,
,,,1981,"1,335,090","+277,242    ",+26.21    ,"695,701","639,389",,
,,,1991,"1,676,378","+341,288    ",+25.56    ,"878,048","798,330",,
,,,2001,"2,173,878","+497,500    ",+29.68    ,"1,124,290","1,049,588",,
,,,2011,"2,684,703","+510,825    ",+23.50    ,"1,381,754","1,302,949",,
,,,,,,,,,,
09,188,Gorakhpur,1901,"954,789",-,-,"474,898","479,891",,
,,,1911,"1,040,392","+85,603    ",+8.97    ,"521,515","518,877",,
,,,1921,"1,061,375","+20,983    ",+2.02    ,"537,719","523,656",,
,,,1931,"1,185,436","+124,061    ",+11.69    ,"606,482","578,954",,
,,,1941,"1,311,976","+126,540    ",+10.67    ,"662,340","649,636",,
,,,1951,"1,473,156","+161,180    ",+12.29    ,"738,213","734,943",,
,,,1961,"1,673,134","+199,978    ",+13.57    ,"842,778","830,356",,
,,,1971,"1,980,329","+307,195    ",+18.36    ,"1,028,553","951,776",,
,,,1981,"2,460,611","+480,282    ",+24.25    ,"1,260,759","1,199,852",,
,,,1991,"3,066,002","+605,391    ",+24.60    ,"1,593,355","1,472,647",,
,,,2001,"3,769,456","+703,454    ",+22.94    ,"1,923,197","1,846,259",,
,,,2011,"4,440,895","+671,439    ",+17.81    ,"2,277,777","2,163,118",,
,,,,,,,,,,
09,189,Kushinagar ,1901,"738,315",-,-,"367,146","371,169",,
,,,1911,"804,023","+65,708    ",+8.90    ,"403,024","400,999",,
,,,1921,"820,780","+16,757    ",+2.08    ,"417,581","403,199",,
,,,1931,"876,462","+55,682    ",+6.78    ,"450,931","425,531",,
,,,1941,"977,561","+101,099    ",+11.53    ,"496,805","480,756",,
,,,1951,"1,043,419","+65,858    ",+6.74    ,"528,354","515,065",,
,,,1961,"1,184,272","+140,853    ",+13.50    ,"601,548","582,724",,
,,,1971,"1,401,482","+217,210    ",+18.34    ,"725,841","675,641",,
,,,1981,"1,746,618","+345,136    ",+24.63    ,"893,306","853,312",,
,,,1991,"2,255,120","+508,502    ",+29.11    ,"1,162,519","1,092,601",,
,,,2001,"2,891,667","+636,547    ",+28.23    ,"1,472,840","1,418,827",,
,,,2011," 3,564,544 ","+672,877    ",+23.27    ," 1,818,055 "," 1,746,489 ",,
,,,,,,,,,,
09,190,Deoria,1901,"749,486",-,-,"372,701","376,785",,
,,,1911,"816,191","+66,705    ",+8.90    ,"409,124","407,067",,
,,,1921,"833,199","+17,008    ",+2.08    ,"423,900","409,299",,
,,,1931,"889,726","+56,527    ",+6.78    ,"457,755","431,971",,
,,,1941,"992,352","+102,626    ",+11.53    ,"504,321","488,031",,
,,,1951,"1,059,208","+66,856    ",+6.74    ,"521,574","537,634",,
,,,1961,"1,190,803","+131,595    ",+12.42    ,"584,979","605,824",,
,,,1971,"1,410,868","+220,065    ",+18.48    ,"710,282","700,586",,
,,,1981,"1,749,946","+339,078    ",+24.03    ,"865,479","884,467",,
,,,1991,"2,184,904","+434,958    ",+24.86    ,"1,095,035","1,089,869",,
,,,2001,"2,714,179","+529,275    ",+24.22    ,"1,355,820","1,358,359",,
,,,2011," 3,100,946 ","+386,767    ",+14.25    ," 1,537,436 "," 1,563,510 ",,
,,,,,,,,,,
09,191,Azamgarh,1901,"1,103,469",-,-,"546,205","557,264",,
,,,1911,"1,063,951","-39,518",-3.58,"534,383","529,568",,
,,,1921,"1,089,471","+25,520    ",+2.40    ,"553,231","536,240",,
,,,1931,"1,120,059","+30,588    ",+2.81    ,"568,700","551,359",,
,,,1941,"1,298,992","+178,933    ",+15.98    ,"653,243","645,749",,
,,,1951,"1,498,092","+199,100    ",+15.33    ,"740,143","757,949",,
,,,1961,"1,690,536","+192,444    ",+12.85    ,"828,639","861,897",,
,,,1971,"1,995,685","+305,149    ",+18.05    ,"994,893","1,000,792",,
,,,1981,"2,493,757","+498,072    ",+24.96    ,"1,227,207","1,266,550",,
,,,1991,"3,128,623","+634,866    ",+25.46    ,"1,558,597","1,570,026",,
,,,2001,"3,939,916","+811,293    ",+25.93    ,"1,950,415","1,989,501",,
,,,2011," 4,613,913 ","+673,997    ",+17.11    ," 2,285,004 "," 2,328,909 ",,
,,,,,,,,,,
09,192,Mau,1901,"486,949",-,-,"240,304","246,645",,
,,,1911,"464,472","-22,477",-4.62,"233,224","231,248",,
,,,1921,"473,935","+9,463    ",+2.04    ,"240,865","233,070",,
,,,1931,"490,052","+16,117    ",+3.40    ,"249,067","240,985",,
,,,1941,"567,851","+77,799    ",+15.88    ,"285,590","282,261",,
,,,1951,"654,208","+86,357    ",+15.21    ,"326,918","327,290",,
,,,1961,"768,157","+113,949    ",+17.42    ,"381,762","386,395",,
,,,1971,"926,263","+158,106    ",+20.58    ,"468,791","457,472",,
,,,1981,"1,126,879","+200,616    ",+21.66    ,"564,513","562,366",,
,,,1991,"1,446,553","+319,674    ",+28.37    ,"732,864","713,689",,
,,,2001,"1,854,950","+408,397    ",+28.23    ,"934,001","920,949",,
,,,2011," 2,205,968 ","+351,018    ",+18.92    ," 1,114,709 "," 1,091,259 ",,
,,,,,,,,,,
09,193,Ballia,1901,"942,234",-,-,"452,000","490,234",,
,,,1911,"807,912","-134,322",-14.26,"404,681","403,231",,
,,,1921,"793,759","-14,153",-1.75,"407,273","386,486",,
,,,1931,"872,177","+78,418    ",+9.88    ,"447,962","424,215",,
,,,1941,"1,007,318","+135,141    ",+15.49    ,"507,288","500,030",,
,,,1951,"1,141,739","+134,421    ",+13.34    ,"559,433","582,306",,
,,,1961,"1,280,517","+138,778    ",+12.15    ,"628,611","651,906",,
,,,1971,"1,509,172","+228,655    ",+17.86    ,"764,023","745,149",,
,,,1981,"1,849,673","+340,501    ",+22.56    ,"932,202","917,471",,
,,,1991,"2,261,502","+411,829    ",+22.26    ,"1,161,930","1,099,572",,
,,,2001,"2,760,667","+499,165    ",+22.07    ,"1,413,296","1,347,371",,
,,,2011," 3,239,774 ","+479,107    ",+17.35    ," 1,672,902 "," 1,566,872 ",,
,,,,,,,,,,
09,194,Jaunpur,1901,"1,201,667",-,-,"589,212","612,455",,
,,,1911,"1,155,244","-46,423",-3.86,"575,461","579,783",,
,,,1921,"1,153,633","-1,611",-0.14,"573,672","579,961",,
,,,1931,"1,234,365","+80,732    ",+7.00    ,"612,000","622,365",,
,,,1941,"1,385,490","+151,125    ",+12.24    ,"681,372","704,118",,
,,,1951,"1,515,043","+129,553    ",+9.35    ,"748,671","766,372",,
,,,1961,"1,727,264","+212,221    ",+14.01    ,"838,028","889,236",,
,,,1971,"2,005,434","+278,170    ",+16.10    ,"997,010","1,008,424",,
,,,1981,"2,532,734","+527,300    ",+26.29    ,"1,260,692","1,272,042",,
,,,1991,"3,214,636","+681,902    ",+26.92    ,"1,612,164","1,602,472",,
,,,2001,"3,911,679","+697,043    ",+21.68    ,"1,941,903","1,969,776",,
,,,2011," 4,494,204 ","+582,525    ",+14.89    ," 2,220,465 "," 2,273,739 ",,
,,,,,,,,,,
09,195,Ghazipur,1901,"857,830",-,-,"417,926","439,904",,
,,,1911,"788,298","-69,532",-8.11,"394,869","393,429",,
,,,1921,"781,333","-6,965",-0.88,"399,042","382,291",,
,,,1931,"824,721","+43,388    ",+5.55    ,"422,729","401,992",,
,,,1941,"985,081","+160,360    ",+19.44    ,"499,624","485,457",,
,,,1951,"1,140,932","+155,851    ",+15.82    ,"570,549","570,383",,
,,,1961,"1,321,578","+180,646    ",+15.83    ,"654,246","667,332",,
,,,1971,"1,531,654","+210,076    ",+15.90    ,"774,616","757,038",,
,,,1981,"1,944,669","+413,015    ",+26.97    ,"978,160","966,509",,
,,,1991,"2,416,617","+471,948    ",+24.27    ,"1,234,615","1,182,002",,
,,,2001,"3,037,582","+620,965    ",+25.70    ,"1,537,141","1,500,441",,
,,,2011," 3,620,268 ","+582,686    ",+19.18    ," 1,855,075 "," 1,765,193 ",,
,,,,,,,,,,
09,196,Chandauli ,1901,"354,167",-,-,"177,018","177,149",,
,,,1911,"356,001","+1,834    ",+0.52    ,"178,542","177,459",,
,,,1921,"361,609","+5,608    ",+1.58    ,"183,946","177,663",,
,,,1931,"387,128","+25,519    ",+7.06    ,"197,805","189,323",,
,,,1941,"459,271","+72,143    ",+18.64    ,"234,798","224,473",,
,,,1951,"544,097","+84,826    ",+18.47    ,"276,008","268,089",,
,,,1961,"659,347","+115,250    ",+21.18    ,"337,387","321,960",,
,,,1971,"780,732","+121,385    ",+18.41    ,"407,532","373,200",,
,,,1981,"1,001,246","+220,514    ",+28.24    ,"521,998","479,248",,
,,,1991,"1,274,839","+273,593    ",+27.33    ,"668,672","606,167",,
,,,2001,"1,643,251","+368,412    ",+28.90    ,"855,123","788,128",,
,,,2011," 1,952,756 ","+309,505    ",+18.83    ," 1,017,905 "," 934,851 ",,
,,,,,,,,,,
09,197,Varanasi,1901,"681,858",-,-,"340,802","341,056",,
,,,1911,"685,391","+3,533    ",+0.52    ,"343,737","341,654",,
,,,1921,"696,188","+10,797    ",+1.58    ,"354,140","342,048",,
,,,1931,"745,318","+49,130    ",+7.06    ,"380,824","364,494",,
,,,1941,"884,210","+138,892    ",+18.64    ,"452,045","432,165",,
,,,1951,"1,047,522","+163,312    ",+18.47    ,"544,748","502,774",,
,,,1961,"1,241,210","+193,688    ",+18.49    ,"648,226","592,984",,
,,,1971,"1,514,420","+273,210    ",+22.01    ,"803,133","711,287",,
,,,1981,"1,919,746","+405,326    ",+26.76    ,"1,015,498","904,248",,
,,,1991,"2,508,110","+588,364    ",+30.65    ,"1,326,761","1,181,349",,
,,,2001,"3,138,671","+630,561    ",+25.14    ,"1,649,187","1,489,484",,
,,,2011," 3,676,841 ","+538,170    ",+17.15    ," 1,921,857 "," 1,754,984 ",,
,,,,,,,,,,
09,198,Sant Ravidas Nagar (Bhadohi),1901,"252,866",-,-,"126,386","126,480",,
,,,1911,"254,175","+1,309    ",+0.52    ,"127,474","126,701",,
,,,1921,"258,180","+4,005    ",+1.58    ,"131,333","126,847",,
,,,1931,"276,399","+18,219    ",+7.06    ,"141,227","135,172",,
,,,1941,"327,907","+51,508    ",+18.64    ,"167,639","160,268",,
,,,1951,"388,471","+60,564    ",+18.47    ,"192,120","196,351",,
,,,1961,"464,317","+75,846    ",+19.52    ,"227,391","236,926",,
,,,1971,"557,307","+92,990    ",+20.03    ,"283,573","273,734",,
,,,1981,"780,014","+222,707    ",+39.96    ,"405,978","374,036",,
,,,1991,"1,077,633","+297,619    ",+38.16    ,"568,415","509,218",,
,,,2001,"1,353,705","+276,072    ",+25.62    ,"705,997","647,708",,
,,,2011," 1,578,213 ","+224,508    ",+16.58    ," 807,099 "," 771,114 ",,
,,,,,,,,,,
09,199,Mirzapur,1901,"488,998",-,-,"239,002","249,996",,
,,,1911,"483,880","-5,118",-1.05,"239,094","244,786",,
,,,1921,"483,470",-410,-0.08,"241,337","242,133",,
,,,1931,"526,344","+42,874    ",+8.87    ,"263,246","263,098",,
,,,1941,"600,806","+74,462    ",+14.15    ,"300,034","300,772",,
,,,1951,"679,171","+78,365    ",+13.04    ,"342,108","337,063",,
,,,1961,"803,784","+124,613    ",+18.35    ,"409,596","394,188",,
,,,1971,"960,495","+156,711    ",+19.50    ,"502,129","458,366",,
,,,1981,"1,238,432","+277,937    ",+28.94    ,"652,820","585,612",,
,,,1991,"1,627,970","+389,538    ",+31.45    ,"864,385","763,585",,
,,,2001,"2,074,709","+446,739    ",+27.44    ,"1,093,849","980,860",,
,,,2011," 2,496,970 ","+422,261    ",+20.35    ," 1,312,302 "," 1,184,668 ",,
,,,,,,,,,,
09,200,Sonbhadra,1901,"241,964",-,-,"118,402","123,562",,
,,,1911,"239,431","-2,533",-1.05,"118,449","120,982",,
,,,1921,"239,230",-201,-0.08,"119,560","119,670",,
,,,1931,"260,445","+21,215    ",+8.87    ,"130,412","130,033",,
,,,1941,"297,288","+36,843    ",+14.15    ,"148,638","148,650",,
,,,1951,"336,065","+38,777    ",+13.04    ,"170,951","165,114",,
,,,1961,"443,174","+107,109    ",+31.87    ,"233,299","209,875",,
,,,1971,"580,593","+137,419    ",+31.01    ,"307,556","273,037",,
,,,1981,"800,717","+220,124    ",+37.91    ,"427,032","373,685",,
,,,1991,"1,104,210","+303,493    ",+37.90    ,"592,838","511,372",,
,,,2001,"1,504,852","+400,642    ",+36.28    ,"792,297","712,555",,
,,,2011," 1,862,559 ","+357,707    ",+23.77    ," 971,344 "," 891,215 ",,
,,,,,,,,,,
09,201,Etah,1901," 467,166 ",-,-," 252,408 "," 214,758 ",,
,,,1911," 471,233 ","+4,067    ",+0.87    ," 256,450 "," 214,783 ",,
,,,1921," 448,730 "," -22,503 ",-4.78," 242,904 "," 205,826 ",,
,,,1931," 465,371 ","+16,641    ",+3.71    ," 252,250 "," 213,121 ",,
,,,1941," 532,585 ","+67,214    ",+14.44    ," 288,362 "," 244,223 ",,
,,,1951," 608,080 ","+75,495    ",+14.18    ," 324,909 "," 283,171 ",,
,,,1961," 696,873 ","+88,793    ",+14.60    ," 372,947 "," 323,926 ",,
,,,1971," 853,095 ","+156,222    ",+22.42    ," 463,578 "," 389,517 ",,
,,,1981," 1,011,479 ","+158,384    ",+18.57    ," 552,439 "," 459,040 ",,
,,,1991,"1,229,949","+218,470    ",+21.60    ,"672,665","557,284",,
,,,2001,"1,531,645","+301,696    ",+24.53    ,"828,110","703,535",,
,,,2011," 1,774,480 ","+242,835    ",+15.85    ," 947,339 "," 827,141 ",,
,,,,,,,,,,
09,202,Kanshiram Nagar,1901," 386,383 ",-,-," 208,761 "," 177,622 ",,
,,,1911," 389,747 ","+3,364    ",+0.87    ," 212,104 "," 177,643 ",,
,,,1921," 371,135 "," -18,612 ",-4.78," 200,901 "," 170,234 ",,
,,                                                           ,1931," 384,897 ","+13,762    ",+3.71    ," 208,630 "," 176,267 ",,
,,,1941," 440,490 ","+55,593    ",+14.44    ," 238,498 "," 201,992 ",,
,,,1951," 502,930 ","+62,440    ",+14.18    ," 269,307 "," 233,623 ",,
,,,1961," 588,879 ","+85,949    ",+17.09    ," 316,421 "," 272,458 ",,
,,,1971," 699,806 ","+110,927    ",+18.84    ," 383,574 "," 316,232 ",,
,,,1981,826616,"+126,810    ",+18.12    ,453277,373339,,
,,,1991,"991,289","+164,673    ",+19.92    ,"544,654","446,635",,
,,,2001,"1,228,705","+237,416    ",+23.95    ,"664,676","564,029",,
,,,2011," 1,436,719 ","+208,014    ",+16.93    ," 764,165 "," 672,554 ",,
,,,,,,,,,,
,,       Note :-  Districts formed after the 2001Census are printed in italics.,,,,,,,,